{
  "version": 5,
  "cmakeMinimumRequired": {
    "major": 3,
    "minor": 20,
    "patch": 0
  },
  "configurePresets": [
    {
      "name": "base",
      "hidden": true,
      "generator": "Ninja",
      "binaryDir": "${sourceDir}/build/${presetName}",
      "cacheVariables": {
        "CMAKE_CXX_STANDARD": "20",
        "CMAKE_EXPORT_COMPILE_COMMANDS": "ON",
        "CMAKE_TOOLCHAIN_FILE": "${sourceDir}/external/vcpkg/scripts/buildsystems/vcpkg.cmake"
      }
    },
    {
      "name": "debug",
      "inherits": "base",
      "cacheVariables": {
        "CMAKE_BUILD_TYPE": "Debug"
      }
    },
    {
      "name": "release",
      "inherits": "base",
      "cacheVariables": {
        "CMAKE_BUILD_TYPE": "Release"
      }
    }
  ],
  "buildPresets": [
    {
      "name": "debug",
      "configurePreset": "debug"
    },
    {
      "name": "release",
      "configurePreset": "release"
    }
  ],
  "testPresets": []
}
